{
  "sections": {
    "main-collection-banner": {
      "disabled": false,
      "type": "main-collection-banner",
      "settings": {
        "show_collection_image": true,
        "show_collection_description": true
      },
      "blocks": {}
    },
    "main-collection-product-list": {
      "disabled": false,
      "type": "main-collection-product-list",
      "settings": {
        "products_per_page": 12,
        "columns_desktop": 4,
        "columns_mobile": "1",
        "enable_filtering": true,
        "filter_position": "drawer",
        "enable_sorting": true,
        "enable_infinite_scroll": false
      },
      "blocks": {},
      "custom_css": []
    }
  },
  "order": [
    "main-collection-banner",
    "main-collection-product-list"
  ]
}