{
  "sections": {
    "main-password-header": {
      "disabled": true,
      "type": "main-password-header",
      "settings": {
        "desktop_logo_width": 100,
        "mobile_logo_width": 100,
        "logo_img": null
      },
      "blocks": {},
      "custom_css": []
    },
    "main": {
      "disabled": false,
      "type": "main-password",
      "settings": {
        "heading": "Opening Soon",
        "subheading": "Be the first to know when we launch.",
        "newsletter_heading": "Subscribe to our newsletter",
        "show_newsletter": true
      },
      "blocks": {}
    }
  },
  "order": [
    "main-password-header",
    "main"
  ]
}